1,Oren Mcclure,1276393856,elit.elit@icloud.ca
2,Sopoline Head,0488054308,nec.ante.maecenas@google.org
3,Carla Donaldson,7334568262,quisque.ac@google.org
4,Price Mckinney,8849378811,eget.lacus.mauris@icloud.couk
5,Irene Herman,8335051483,morbi.non@outlook.couk
6,Bert Mcclure,6537441347,fusce.fermentum@outlook.com
7,Suki Jones,8214395075,eu.tellus.eu@yahoo.org
8,Nadine Floyd,2532505334,imperdiet@aol.ca
9,Kelsey Evans,3745774530,molestie.sed@google.ca
10,Aspen Jacobson,5174261505,placerat.cras.dictum@hotmail.couk
11,Harlan Tucker,5137688137,dapibus.gravida@outlook.org
12,Francesca Lambert,5580431681,augue@outlook.edu
13,Harlan Foley,4510530324,tellus.lorem@yahoo.org
14,Germaine Paul,6285215751,libero.et@aol.edu
15,Xena Lane,0831284310,rutrum.lorem@protonmail.com
16,Charity Ramirez,6272451680,aliquet.magna@google.org
17,Stewart Potts,8445935278,eleifend.nec@google.edu
18,Cameron Compton,6622307214,magna@google.com
19,Leila Valentine,6931688383,tellus.non@google.ca
20,Herman Lane,4817372068,fusce.aliquam@outlook.com
21,Patrick Stafford,6415381240,ut.odio@hotmail.ca
22,Anastasia Lloyd,3008353648,augue.id.ante@google.com
23,Carlos Bryant,1139556648,et@hotmail.com
24,Petra Potts,8157823850,scelerisque@hotmail.couk
25,Hedley Stevenson,1327842750,vehicula.risus@yahoo.com
26,Xenos Blair,7684522564,sed.dolor.fusce@yahoo.couk
27,Slade Bruce,6155795874,varius.et@protonmail.edu
28,Karleigh Morrison,5404628691,urna.nullam@hotmail.ca
29,Chiquita Ford,2717151710,proin.dolor@protonmail.couk
30,Bert Moreno,4565155093,neque.sed@aol.org
31,Callie Bryant,1010851876,aliquet.lobortis.nisi@icloud.edu
32,Cathleen Pacheco,3523746134,elementum@protonmail.com
33,Vaughan Richardson,7493782627,lorem.donec@google.edu
34,Genevieve Farley,2894263271,neque.in@protonmail.ca
35,Adrian O'Neill,5866889226,eu.dolor.egestas@outlook.net
36,Buckminster Anderson,9522518142,eu.ultrices@outlook.net
37,Cairo Nelson,8376856201,at.iaculis@aol.com
38,Lavinia Allison,5085425888,et.magnis@google.com
39,Melyssa Morse,7346853107,ligula@protonmail.net
40,Owen Whitley,9315837441,quisque.libero.lacus@hotmail.edu
41,Rae Holman,1939564472,penatibus.et.magnis@outlook.ca
42,Megan Jacobson,1296384295,nibh.vulputate@icloud.couk
43,Gail Clarke,3911459635,nunc.ut@yahoo.ca
44,Nina Heath,8843408875,id.risus@yahoo.edu
45,Gregory Grimes,5212290144,eu.odio@icloud.couk
46,Zia Jacobs,6453274664,sapien.cursus.in@hotmail.ca
47,Gavin Daugherty,1933756317,praesent.interdum@icloud.edu
48,Shaine Harper,5953821973,velit.aliquam.nisl@yahoo.ca
49,Lucy Beach,7046098577,aliquam@yahoo.org
50,Len Farmer,5596327740,lectus.justo@outlook.org
51,Beau Garner,2319653142,nisi.magna@aol.org
52,Blythe Caldwell,1547526404,cubilia.curae@icloud.net
53,Quamar Stevenson,2359411738,ac.ipsum@protonmail.edu
54,McKenzie Hester,6417671205,pretium@icloud.edu
55,Tobias Snider,1768652593,cursus.et.magna@google.edu
56,Jaquelyn Mcclure,5402341464,enim.mi@aol.edu
57,Wang Schroeder,2482713123,natoque.penatibus.et@protonmail.couk
58,Callie Boyd,4898019651,turpis@icloud.edu
59,Cora Waters,3257171552,eu.dui@outlook.com
60,Christopher Cotton,6333611862,consectetuer@protonmail.org
61,Cyrus Sanders,4528911788,integer.sem@aol.couk
62,Jarrod Sweet,7196223105,integer.mollis@aol.org
63,Lars Campos,7485661088,ac.turpis@outlook.edu
64,Martin Anderson,4584668340,auctor.odio@hotmail.ca
65,Zeus Payne,2701238561,elit.pharetra.ut@outlook.couk
66,Len Washington,1661528812,urna@hotmail.couk
67,Rhea Mcbride,4124275126,lectus.a.sollicitudin@aol.net
68,Quentin Odom,6662664859,non.bibendum@aol.edu
69,Ingrid Estes,8331899733,ut.lacus@outlook.net
70,Ariana Mcclain,7362238442,sollicitudin.orci.sem@outlook.edu
71,Ginger Russo,3280059363,non.egestas@aol.org
72,Ariel Ortega,1404058281,primis.in@icloud.edu
73,Zephania Bentley,8255054743,curabitur.consequat.lectus@hotmail.org
74,Wylie Cole,1881461466,nibh.sit@outlook.ca
75,Lillith Rivera,7402284821,ante@aol.edu
76,Ria Berger,2780470758,netus.et@protonmail.net
77,Graham Rasmussen,0235553884,sodales@protonmail.org
78,Stacy Skinner,1738323393,vestibulum.ante.ipsum@hotmail.com
79,Lamar Turner,8711143444,proin.dolor.nulla@protonmail.org
80,Connor Dunlap,5628236983,suspendisse.aliquet.molestie@hotmail.net
81,Marah Wall,3770124935,semper.et.lacinia@google.org
82,Carlos Juarez,0476566475,urna@icloud.ca
83,Tiger Whitaker,7980037455,pellentesque.tincidunt.tempus@icloud.org
84,Macon Grant,2327805285,consectetuer@google.ca
85,Amir Guerrero,1214209952,risus.donec@icloud.edu
86,Kameko England,4071037567,primis.in@hotmail.edu
87,Lesley Clemons,7382236787,nunc.quis@aol.couk
88,Preston Workman,7636766801,mi@icloud.couk
89,Trevor Lynch,6532768035,egestas.lacinia.sed@hotmail.ca
90,Avye Jacobs,6745037684,lorem.luctus@outlook.com
91,Jerry Reilly,5142751334,non.lorem@google.ca
92,Irma Lawson,4673267565,mauris.eu@hotmail.org
93,Lee Small,7536008741,morbi.vehicula@outlook.ca
94,Brandon Cooke,5491377961,facilisis.vitae.orci@protonmail.com
95,Kamal Gentry,1486198182,sit.amet.consectetuer@google.org
96,Plato Foley,4728857289,nunc@icloud.couk
97,Haviva Goodman,4898245551,euismod.est@google.edu
98,Beau Maddox,6395781457,lorem@hotmail.com
99,Timothy Lane,4932491882,netus@yahoo.com
100,Jenna Ayers,4651714163,risus.nunc.ac@hotmail.com
101,Chupapi,7754849965,chupapi.ac@hotmail.com